{
    "_step": 0,
    "_runtime": 119.6974639892578,
    "_timestamp": 1569669270.471606,
    "accuracy": 52.53900275313551,
    "training_time": 15.15337896347046
}
