{
    "_timestamp": 1572511308.4262128,
    "training_time": 0.6501975059509277,
    "_runtime": 189.48354148864743,
    "accuracy": 35.484857754665036,
    "_step": 0
}
