{
    "training_time": 2.155222177505493,
    "_step": 1,
    "_timestamp": 1569676652.809641,
    "accuracy": 45.71734475374733,
    "_runtime": 67.43199133872986
}
