{
    "training_time": 0.6247339248657227,
    "_step": 0,
    "_runtime": 108.94735598564148,
    "_timestamp": 1569647557.797395,
    "accuracy": 35.484857754665036
}
